Código;Nome;Tipo;Produtores;Duração;Gênero;Temporada;Álbum;Código do Álbum;Publicação
1;Laboriosam eos officiis quia dolores;P;48;24,88;TE;9;;;2031
2;Laborum suscipit dolores voluptatibus praesentium;M;20;8,12;DU;;Election open;1;2059
3;Ullam sunt rerum et;M;16;3,56;DU, PA;;Write interesting her friend behavior pick say course;2;2056
4;Voluptatibus iste quia libero perspiciatis suscipit magnam;P;43;55,2;MU;18;;;2073
5;Consequatur quae necessitatibus;P;19;114,42;TA;2;;;2031
6;Minima facere voluptatibus enim nemo adipisci;M;37;1,3;PA;;Others sister;3;2045
7;Reprehenderit non laudantium ad vitae perspiciatis perspiciatis;M;24, 36;3,86;GL;;Long already soon entire;4;2025
8;Odit consequatur neque eos;M;41, 21;3,42;PA, GL;;Participant;5;2068
9;Quia rem illum molestias perspiciatis voluptates dolores totam adipisci;P;10;110,0;LG;4;;;2073
10;Ut voluptatum;P;49;104,81;RA, FA;2;;;2028
11;In;P;43;12,27;LA;17;;;2059
12;Eos culpa asperiores molestias;P;4;3,43;TA;3;;;2006
13;Ex quos;M;29;4,82;DU, CH, GL;;Measure southern;6;2032
14;Exercitationem dolore adipisci laboriosam;P;40, 5, 33;70,11;FA;4;;;2043
15;Aperiam ea accusantium saepe;P;5;37,24;CR;12;;;2031
16;Quasi ex quos;M;36, 20, 42;7,82;GL;;Degree;7;2042
17;Id;P;4, 48;9,50;FE;12;;;1992
18;Repellendus illum deleniti minus quasi aspernatur;P;43, 17;48,46;SF;20;;;2062
19;Necessitatibus;M;47, 37;10,60;GL;;Court;8;2007
20;Necessitatibus;M;22, 18;9,11;DU;;Father;9;1993
21;Quisquam at necessitatibus ex iste;M;20;3,46;GL;;Fund guess process star behind prove inside;10;2041
22;Debitis nesciunt natus dicta reiciendis;M;22, 37;1,42;GL, CH;;Hair history step;11;2010
23;Corrupti similique;P;2;93,32;FA, MU;3;;;2012
24;Ab dicta animi dolor distinctio at;P;33;112,62;SC;11;;;2015
25;Illum velit;M;24;8,19;DU;;Decision meeting practice floor;12;2064
26;Reprehenderit quisquam;M;39;1,45;GL;;Set value avoid Congress together book;13;2058
27;Odio architecto;P;40;24,26;SC;16;;;2038
28;Vero;P;8;63,92;PO, HO;17;;;2020
29;Ducimus tenetur;P;10;19,75;AR;9;;;1991
30;Ut eaque porro ea;P;48, 49;54,63;ED;17;;;2005
31;Temporibus ullam;P;40, 49;16,54;CR;7;;;2017
32;Alias commodi numquam modi minima;P;49;28,65;CA, CB;2;;;2004
33;Molestiae;M;24;6,31;DU;;Member present process recent way who;14;2043
34;Tempore quibusdam impedit eius;M;37, 29;1,68;DU;;Might place serious;15;2070
35;Provident soluta;P;49, 43;55,10;SF;7;;;1998
36;Adipisci ex sunt ea;P;8;109,2;CA;8;;;1991
37;Excepturi ea;P;49, 48;22,92;CA, CB;8;;;2057
38;Voluptatem;P;40;75,3;CR;6;;;2026
39;Perferendis aperiam sed aspernatur;P;40, 4;83,17;LA, TA;18;;;2008
40;Quaerat;P;6, 43;27,22;MU, SC;17;;;2041
41;Vero laborum ut magni;P;49, 33;93,55;TA;18;;;2019
42;In soluta ducimus quasi;M;12;1,34;DU;;Represent daughter home dream check;16;2016
43;Sed autem debitis nihil;M;37;1,36;GL;;Yourself;17;2071
44;Similique placeat repellat perspiciatis aut pariatur;P;10;54,52;PH;20;;;2009
45;Odio eum provident itaque;M;12, 7;1,45;WA;;Sister individual him including property provide movement;18;1991
46;Provident ullam delectus voluptatum alias asperiores;P;4;33,36;FA;15;;;2020
47;Corporis temporibus dicta magni consequatur nemo;P;2;56,37;SF;5;;;2035
48;Eos ut assumenda;P;33;110,30;LA;3;;;2062
49;Illo non ducimus vero fuga;P;10;22,96;MU;16;;;2040
50;Perferendis officia adipisci explicabo;M;41;4,5;DU;;Need whether question affect himself minute;19;2046
